{"cameraMode":{"drawMode":0,"name":"Shaded","section":"Shading Mode"},"sceneLighting":true,"audioPlay":false,"sceneViewState":{"showFog":true,"showMaterialUpdate":false,"showSkybox":true,"showFlares":true,"showImageEffects":true,"showParticleSystems":true},"in2DMode":false,"pivot":{"x":2.3237881660461427,"y":9.69665241241455,"z":-7.687345027923584},"rotation":{"x":0.3675070106983185,"y":-0.4645500183105469,"z":0.22031009197235108,"w":0.7749918103218079},"size":12.57371997833252,"orthographic":false}